{
  "urls": [
    "assets/audio/sound.mp3",
    "assets/audio/sound.ogg"
  ],
  "sprite": {
    "ballista": [
      0,
      391.83673469387753
    ],
    "btn_click": [
      2000,
      626.9387755102041
    ],
    "cannon": [
      4000,
      455.9863945578231
    ],
    "coins_collected": [
      6000,
      455.9863945578231
    ],
    "coins_emitted": [
      8000,
      384.01360544217766
    ],
    "drag_over_buildable_cell": [
      10000,
      72.01814058956835
    ],
    "drag_over_non_buildable_cell": [
      12000,
      168.0045351473929
    ],
    "enemy_dies": [
      14000,
      679.183673469387
    ],
    "fireball": [
      16000,
      1071.020408163264
    ],
    "gameover": [
      19000,
      3195.1700680272097
    ],
    "hammer_hits_shield": [
      24000,
      444.08163265305944
    ],
    "heart_final_lost": [
      26000,
      1881.8820861677991
    ],
    "heart_lost_1": [
      29000,
      680.2494331065745
    ],
    "heart_lost_2": [
      31000,
      575.7596371882095
    ],
    "heart_lost_3": [
      33000,
      967.5963718820881
    ],
    "mine_cannon": [
      35000,
      992.6530612244875
    ],
    "mine_lands": [
      37000,
      391.83673469387514
    ],
    "plasma_beam": [
      39000,
      1200.0000000000027
    ],
    "portal_spawns": [
      42000,
      840.0000000000034
    ],
    "sell_turret": [
      44000,
      914.285714285711
    ],
    "t1_cannon": [
      46000,
      417.9591836734673
    ],
    "t1_explosion": [
      48000,
      574.6938775510203
    ],
    "t2_hielo": [
      50000,
      768.0045351473907
    ],
    "t2_laser2": [
      52000,
      479.9999999999969
    ],
    "t2_laser3": [
      54000,
      731.4285714285732
    ],
    "t2_mine_explosion": [
      56000,
      1032.018140589571
    ],
    "t2_mine_launcher": [
      59000,
      1071.020408163264
    ],
    "t3_missile_launcher": [
      62000,
      1567.3469387755076
    ],
    "t3_pegamento": [
      65000,
      432.01814058956245
    ],
    "t3_teleport": [
      67000,
      1272.018140589566
    ],
    "time_warp": [
      70000,
      984.013605442172
    ],
    "title_appears": [
      72000,
      2795.1020408163317
    ],
    "turret_planted": [
      76000,
      471.2698412698444
    ],
    "turret_upgrade": [
      78000,
      3198.5487528344693
    ],
    "wave_complete": [
      83000,
      1608.004535147387
    ]
  }
}