{
	"point0": {"x":71, "y":378},
	"point1": {"x":162, "y":339},
	"point2": {"x":82, "y":266},
	"point3": {"x":162, "y":206},
	"point4": {"x":115, "y":94},
	"point5": {"x":200, "y":77},
	"point6": {"x":246, "y":206},
	"point7": {"x":263, "y":370},
	"point8": {"x":359, "y":378},
	"point9": {"x":350, "y":270},
	"point10": {"x":413, "y":198},
	"point11": {"x":332, "y":97},
	"point12": {"x":410, "y":65},
	"point13": {"x":480, "y":260},
	"point14": {"x":432, "y":380},
	"point15": {"x":516, "y":371},
	"point16": {"x":554, "y":191},
	"point17": {"x":488, "y":97},
	"point18": {"x":562, "y":88},
	"point19": {"x":613, "y":266},
	"point20": {"x":589, "y":357},
	"point21": {"x":677, "y":377},
	"point22": {"x":675, "y":197},
	"point23": {"x":647, "y":111},
	"point24": {"x":706, "y":76},
	"point25": {"x":744, "y":206},
	"point26": {"x":744, "y":356},
	"point27": {"x":831, "y":249},
	"point28": {"x":797, "y":111},
	"point29": {"x":862, "y":76},
	"point30": {"x":877, "y":186},
	"point31": {"x":895, "y":266},
	"point32": {"x":840, "y":370},
	"point33": {"x":939, "y":370},
	"point34": {"x":978, "y":213},
	"point35": {"x":953, "y":94},
	"point36": {"x":1053, "y":88},
	"point37": {"x":1033, "y":276},
	"point38": {"x":1033, "y":377},
	"point39": {"x":1117, "y":257},
	"point40": {"x":1130, "y":121},
	"point41": {"x":1199, "y":77},
	"point42": {"x":1189, "y":213},
	"point43": {"x":1153, "y":377},
	"point44": {"x":1252, "y":371},
	"point45": {"x":1283, "y":265},
	"point46": {"x":1283, "y":65},
	"point47": {"x":1351, "y":107},
	"point48": {"x":1368, "y":260},
	"point49": {"x":1334, "y":359},
	"bike11": {
        "driver_head": {
            "x": 20.1,
            "y": -56.55,
            "r": 47.00189208984375,
            "g": "driver_head1"
        },
        "driver_forearm": {
            "x": 19,
            "y": -31.5,
            "r": 25.82525634765625,
            "g": "driver_forearm1"
        },
        "driver_arm": {
            "x": 7.9,
            "y": -40.7,
            "r": 59.82405090332031,
            "g": "driver_arm1"
        },
        "driver_shin": {
            "x": -34.45,
            "y": -48.55,
            "r": 117.83747863769531,
            "g": "driver_shin1"
        },
        "driver_hip": {
            "x": -17.8,
            "y": -47.95,
            "r": 144.83595275878906,
            "g": "driver_hip1"
        },
        "driver_corpse": {
            "x": -1.15,
            "y": -46.8,
            "r": 100.73109436035156,
            "g": "driver_corpse1"
        },
        "suspend_front": {
            "x": 40.35,
            "y": 26.75,
            "r": 78.82647705078125,
            "g": "suspend_front1"
        },
        "base": {
            "x": 0.5,
            "y": -1.2,
            "r": 15.826858520507812,
            "g": "bike_1_base"
        },
        "suspend_back": {
            "x": -8.5,
            "y": 8.7,
            "r": -174.4778289794922,
            "g": "suspend_back1"
        },
        "Wheel0": {
            "x": -37.8,
            "y": 5.6,
            "r": 15.826858520507812,
            "g": "Wheel_1_0"
        },
        "Wheel1": {
            "x": 38.15,
            "y": 27.15,
            "r": 15.826858520507812,
            "g": "Wheel_1_0"
        }
    },
   "bike1": [
        {
            "x": -35,
            "y": 17,
            "r": 0,
            "g": "Wheel_1_0"
        },
        {
            "x": 44,
            "y": 17,
            "r": 0,
            "g": "Wheel_1_0"
        },
        {
            "x": -6,
            "y": 12,
            "r": 169.69569396972656,
            "g": "suspend_back1"
        },
        {
            "x": 0,
            "y": 0,
            "r": 0,
            "g": "bike_1_base"
        },
        {
            "x": 46,
            "y": 16,
            "r": 63.00018310546875,
            "g": "suspend_front1"
        },
        {
            "x": -8.35,
            "y": -33.75,
            "r": 15.732131958007812,
            "g": "driver_corpse1"
        },
        {
            "x": -1.8,
            "y": -59.5,
            "r": 14.998931884765625,
            "g": "driver_head1"
        },
        {
            "x": 8.8,
            "y": -33.35,
            "r": 11.00091552734375,
            "g": "driver_forearm1"
        },
        {
            "x": -4.25,
            "y": -39.4,
            "r": 44.99913024902344,
            "g": "driver_arm1"
        },
        {
            "x": -1.8,
            "y": -2.7,
            "r": 3.0003509521484375,
            "g": "driver_shin1"
        },
        {
            "x": -7.4,
            "y": -18.5,
            "r": 29.9998779296875,
            "g": "driver_hip1"
        }
    ],
   "bike2": [
         {
            "x": -31,
            "y": 20,
            "r": 0,
            "g": "Wheel_2_0"
        },
        {
            "x": 50,
            "y": 20,
            "r": 0,
            "g": "Wheel_2_0"
        },
        {
            "x": -6,
            "y": 12,
            "r": 169.69569396972656,
            "g": "suspend_back2"
        },
        {
            "x": 46,
            "y": 16,
            "r": 63.00018310546875,
            "g": "suspend_front2"
        },
        {
            "x": 0,
            "y": 0,
            "r": 0,
            "g": "bike_2_base"
        },
         {
            "x": -8.35,
            "y": -33.75,
            "r": 15.732131958007812,
            "g": "driver_corpse2"
        },
        {
            "x": -1.8,
            "y": -59.5,
            "r": 14.998931884765625,
            "g": "driver_head2"
        },
        {
            "x": 8.8,
            "y": -33.35,
            "r": 11.00091552734375,
            "g": "driver_forearm2"
        },
        {
            "x": -4.25,
            "y": -39.4,
            "r": 44.99913024902344,
            "g": "driver_arm2"
        },
        {
            "x": -1.8,
            "y": -2.7,
            "r": 3.0003509521484375,
            "g": "driver_shin2"
        },
        {
            "x": -7.4,
            "y": -18.5,
            "r": 29.9998779296875,
            "g": "driver_hip2"
        }
    ],
    "bike3": [
        {
            "x": -34,
            "y": 17,
            "r": 0,
            "g": "Wheel_3_0"
        },
        {
            "x": 46,
            "y": 16,
            "r": 0,
            "g": "Wheel_3_0"
        },
        {
            "x": 0,
            "y": 0,
            "r": 0,
            "g": "bike_3_base"
        },
        {
            "x": 46,
            "y": 16,
            "r": 63.00018310546875,
            "g": "suspend_front3"
        },
        {
            "x": -6,
            "y": 12,
            "r": 169.69569396972656,
            "g": "suspend_back3"
        },
        {
            "x": -8.35,
            "y": -33.75,
            "r": 15.732131958007812,
            "g": "driver_corpse3"
        },
        {
            "x": -1.8,
            "y": -59.5,
            "r": 14.998931884765625,
            "g": "driver_head3"
        },
        {
            "x": 8.8,
            "y": -33.35,
            "r": 11.00091552734375,
            "g": "driver_forearm3"
        },
        {
            "x": -4.25,
            "y": -39.4,
            "r": 44.99913024902344,
            "g": "driver_arm3"
        },
        {
            "x": -1.8,
            "y": -2.7,
            "r": 3.0003509521484375,
            "g": "driver_shin3"
        },
        {
            "x": -7.4,
            "y": -18.5,
            "r": 29.9998779296875,
            "g": "driver_hip3"
        }
    ],
    "bike4": [
        {
            "x": -34,
            "y": 17,
            "r": 0,
            "g": "Wheel_4_0"
        },
        {
            "x": 47,
            "y": 17,
            "r": 0,
            "g": "Wheel_4_0"
        },
        {
            "x": 0,
            "y": 0,
            "r": 0,
            "g": "bike_4_base"
        },
        {
            "x": 46,